product_id,product_category_id,product_name,product_price
1,2,Quest Q64 10 FT. x 10 FT. Slant Leg Instant U,59.97999954
2,2,Under Armour Men's Highlight MC Football Clea,129.9900055
3,2,Under Armour Men's Renegade D Mid Football Cl,89.98999786
4,2,Under Armour Men's Renegade D Mid Football Cl,89.98999786
5,2,Riddell Youth Revolution Speed Custom Footbal,199.9900055
6,2,Jordan Men's VI Retro TD Football Cleat,134.9900055
7,2,Schutt Youth Recruit Hybrid Custom Football H,99.98999786
8,2,Nike Men's Vapor Carbon Elite TD Football Cle,129.9900055
9,2,Nike Adult Vapor Jet 3.0 Receiver Gloves,50
10,2,Under Armour Men's Highlight MC Football Clea,129.9900055
11,2,Fitness Gear 300 lb Olympic Weight Set,209.9900055
12,2,Under Armour Men's Highlight MC Alter Ego Fla,139.9900055
13,2,Under Armour Men's Renegade D Mid Football Cl,89.98999786
14,2,Quik Shade Summit SX170 10 FT. x 10 FT. Canop,199.9900055
15,2,Under Armour Kids' Highlight RM Alter Ego Sup,59.99000168
16,2,Riddell Youth 360 Custom Football Helmet,299.9899902
17,2,Under Armour Men's Highlight MC Football Clea,129.9900055
18,2,Reebok Men's Full Zip Training Jacket,29.96999931
19,2,Nike Men's Fingertrap Max Training Shoe,124.9899979
20,2,Under Armour Men's Highlight MC Football Clea,129.9900055
21,2,Under Armour Kids' Highlight RM Football Clea,54.99000168
22,2,Kijaro Dual Lock Chair,29.98999977
23,2,Under Armour Men's Highlight MC Alter Ego Hul,139.9900055
24,2,Elevation Training Mask 2.0,79.98999786
25,3,Quest Q64 10 FT. x 10 FT. Slant Leg Instant U,59.97999954
26,3,Nike Men's USA White Home Stadium Soccer Jers,90
27,3,Nike Youth USA Away Stadium Replica Soccer Je,75
28,3,adidas Brazuca 2014 Top Glider Soccer Ball,29.98999977
29,3,Nike Men's USA Away Stadium Replica Soccer Je,90
30,3,adidas Men's Germany Home Soccer Jersey,90
31,3,Nike+ Fuelband SE,99
32,3,PUMA Men's evoPOWER 1 Tricks FG Soccer Cleat,189.9900055
33,3,adidas Brazuca 2014 Top Repliqu‚ Soccer Ball,39.99000168
34,3,"Nike Women's Pro Core 3"" Compression Shorts",28
35,3,adidas Brazuca 2014 Official Match Ball,159.9900055
36,3,adidas Men's Germany Black/Red Away Match Soc,90
37,3,adidas Kids' F5 Messi FG Soccer Cleat,34.99000168
38,3,Nike Men's Hypervenom Phantom Premium FG Socc,0
39,3,Nike Women's Pro Victory Compression Bra,21.98999977
40,3,Quik Shade Summit SX170 10 FT. x 10 FT. Canop,199.9900055
41,3,adidas Men's Mexico Home Soccer Jersey,90
42,3,adidas Kids' F10 Messi TRX FG Soccer Cleat,44.99000168
43,3,Kijaro Dual Lock Chair,29.98999977
44,3,adidas Men's F10 Messi TRX FG Soccer Cleat,59.99000168
45,3,adidas Men's F10 Messi FG Soccer Cleat,59.99000168
46,3,Quest 12' x 12' Dome Canopy,149.9900055
47,3,Nike Women's Pro Hyperwarm Fitted Tights,24.96999931
48,3,adidas Brazuca Final Rio Official Match Ball,159.9900055
49,4,Diamondback Adult Sorrento Mountain Bike 2014,299.980011
50,4,Quest Q64 10 FT. x 10 FT. Slant Leg Instant U,59.97999954
51,4,MAC Sports Collapsible Wagon,69.98999786
52,4,Easton Mako Youth Bat 2014 (-11),249.9700012
53,4,adidas Brazuca 2014 Top Glider Soccer Ball,29.98999977
54,4,Nike+ Fuelband SE,99
55,4,adidas Brazuca 2014 Top Repliqu‚ Soccer Ball,39.99000168
56,4,Fitbit Flex Wireless Activity & Sleep Wristba,99.94999695
57,4,"Nike Women's Pro Core 3"" Compression Shorts",28
58,4,Diamondback Boys' Insight 24 Performance Hybr,299.9899902
59,4,adidas Brazuca 2014 Official Match Ball,159.9900055
60,4,SOLE E25 Elliptical,999.9899902
61,4,Diamondback Girls' Clarity 24 Hybrid Bike 201,299.9899902
62,4,Easton XL1 Youth Bat 2014 (-10),179.9700012
63,4,Fitness Gear 300 lb Olympic Weight Set,209.9900055
64,4,Nike Women's Pro Victory Compression Bra,21.98999977
65,4,Quik Shade Summit SX170 10 FT. x 10 FT. Canop,199.9900055
66,4,SOLE F85 Treadmill,1799.98999
67,4,Kijaro Dual Lock Chair,29.98999977
68,4,Diamondback Adult Outlook Mountain Bike 2014,309.9899902
69,4,Easton S1 Youth Bat 2014 (-12),179.9700012
70,4,Elevation Training Mask 2.0,79.98999786
71,4,Diamondback Adult Response XE Mountain Bike 2,349.980011
72,4,Quest 12' x 12' Dome Canopy,149.9900055
73,5,Quest Q64 10 FT. x 10 FT. Slant Leg Instant U,59.97999954
74,5,"Goaliath 54"" In-Ground Basketball Hoop with P",499.9899902
75,5,"Nike Women's Pro Core 3"" Compression Shorts",28
76,5,Jordan Men's VI Retro TD Football Cleat,134.9900055
77,5,Schutt Youth Recruit Hybrid Custom Football H,99.98999786
78,5,Nike Kids' Grade School KD VI Basketball Shoe,99.98999786
79,5,Fitness Gear 300 lb Olympic Weight Set,209.9900055
80,5,Nike Women's Pro Victory Compression Bra,21.98999977
81,5,Quik Shade Summit SX170 10 FT. x 10 FT. Canop,199.9900055
82,5,Kijaro Dual Lock Chair,29.98999977
83,5,Elevation Training Mask 2.0,79.98999786
84,5,Nike Men's KD VI Basketball Shoe,129.9900055
85,5,Nike Kids' Grade School LeBron XI Basketball,139.9900055
86,5,Quest 12' x 12' Dome Canopy,149.9900055
87,5,Nike Women's Pro Hyperwarm Fitted Tights,24.96999931
88,5,Nike Kids' Grade School KD VI Basketball Shoe,99.98999786
89,5,Nike Elite Crew Basketball Sock,14
90,5,Nike Men's LeBron XI Basketball Shoe,199.9900055
91,5,Quest Q100 10' X 10' Dome Canopy,99.98000336
92,5,Nike Men's LeBron XI Low Basketball Shoe,169.9900055
93,5,Under Armour Men's Tech II T-Shirt,24.98999977
94,5,Fitness Gear Pro Utility Bench,179.9900055
95,5,Nike Hoops Elite Team Backpack,70
96,5,Teeter Hang Ups NXT-S Inversion Table,299.9899902
97,6,Quest Q64 10 FT. x 10 FT. Slant Leg Instant U,59.97999954
98,6,"Nike Women's Pro Core 3"" Compression Shorts",28
99,6,Nike Women's Pro Victory Compression Bra,21.98999977
100,6,Quik Shade Summit SX170 10 FT. x 10 FT. Canop,199.9900055
101,6,Kijaro Dual Lock Chair,29.98999977
102,6,Quest 12' x 12' Dome Canopy,149.9900055
103,6,Nike Women's Pro Hyperwarm Fitted Tights,24.96999931
104,6,Nike Elite Crew Basketball Sock,14
105,6,Quest Q100 10' X 10' Dome Canopy,99.98000336
106,6,Teeter Hang Ups NXT-S Inversion Table,299.9899902
107,6,SKLZ Sport-Brella XL,69.98999786
108,6,E-Z Up Vista 12' x 12' Recreational Instant S,134.9900055
109,6,Under Armour Men's Ignite Camo II Slide,34.99000168
110,6,McDavid HEX Extended Leg Sleeves,29.98999977
111,6,Kijaro XXL Dual Lock Oversized Chair,39.99000168
112,6,Nike Women's Pro Hyperwarm Half Zip Long Slee,31.96999931
113,6,Nike Men's Alpha Pro D Mid Football Cleat,99.98999786
114,6,Nike Men's Fly Shorts 2.0,34
115,6,Under Armour Men's Highlight RM Football Clea,59.99000168
116,6,Nike Men's Comfort 2 Slide,44.99000168
117,6,YETI Tundra 65 Chest Cooler,399.9899902
118,6,Quest 12' x 12' Screen House,69.98999786
119,6,Quest Oversized Arm Chair,21.98999977
120,6,Nike Hyper Elite Crew Basketball Sock,18
121,7,Quest Q64 10 FT. x 10 FT. Slant Leg Instant U,59.97999954
122,7,Nike+ Fuelband SE,99
123,7,Fitbit Flex Wireless Activity & Sleep Wristba,99.94999695
124,7,"Nike Women's Pro Core 3"" Compression Shorts",28
125,7,Nike Women's Pro Victory Compression Bra,21.98999977
126,7,Quik Shade Summit SX170 10 FT. x 10 FT. Canop,199.9900055
127,7,Stiga Master Series ST3100 Competition Indoor,329.9899902
128,7,Kijaro Dual Lock Chair,29.98999977
129,7,Quest 12' x 12' Dome Canopy,149.9900055
130,7,Nike Women's Pro Hyperwarm Fitted Tights,24.96999931
131,7,Nike Elite Crew Basketball Sock,14
132,7,Under Armour Hustle Backpack,54.99000168
133,7,Quest Q100 10' X 10' Dome Canopy,99.98000336
134,7,Nike Women's Legend V-Neck T-Shirt,25
135,7,Nike Dri-FIT Crew Sock 6 Pack,22
136,7,Nike Hoops Elite Team Backpack,70
137,7,Teeter Hang Ups NXT-S Inversion Table,299.9899902
138,7,SKLZ Sport-Brella XL,69.98999786
139,7,E-Z Up Vista 12' x 12' Recreational Instant S,134.9900055
140,7,Under Armour Men's Ignite Camo II Slide,34.99000168
141,7,Under Armour Boys' Match Play Golf Polo,29.98999977
142,7,McDavid HEX Extended Leg Sleeves,29.98999977
143,7,Kijaro XXL Dual Lock Oversized Chair,39.99000168
144,7,Garmin Forerunner 220 GPS Watch,249.9900055
145,8,Quest Q64 10 FT. x 10 FT. Slant Leg Instant U,59.97999954
146,8,"Nike Women's Pro Core 3"" Compression Shorts",28
147,8,Nike Women's Pro Victory Compression Bra,21.98999977
148,8,Quik Shade Summit SX170 10 FT. x 10 FT. Canop,199.9900055
149,8,Kijaro Dual Lock Chair,29.98999977
150,8,Quest 12' x 12' Dome Canopy,149.9900055
151,8,Nike Women's Pro Hyperwarm Fitted Tights,24.96999931
152,8,Quest Q100 10' X 10' Dome Canopy,99.98000336
153,8,Teeter Hang Ups NXT-S Inversion Table,299.9899902
154,8,SKLZ Sport-Brella XL,69.98999786
155,8,E-Z Up Vista 12' x 12' Recreational Instant S,134.9900055
156,8,Under Armour Men's Ignite Camo II Slide,34.99000168
157,8,Reebok Women's Performance Essentials Printed,45
158,8,McDavid HEX Extended Leg Sleeves,29.98999977
159,8,Kijaro XXL Dual Lock Oversized Chair,39.99000168
160,8,Nike Women's Pro Hyperwarm Half Zip Long Slee,31.96999931
161,8,Nike Men's Comfort 2 Slide,44.99000168
162,8,YETI Tundra 65 Chest Cooler,399.9899902
163,8,Quest 12' x 12' Screen House,69.98999786
164,8,adidas Women's Tiro 13 Soccer Pants,45
165,8,Quest Oversized Arm Chair,21.98999977
166,8,Under Armour Men's Ignite III Slide,34.99000168
167,8,Nike Women's Pro Printed Sports Bra,25.98999977
168,8,"Nike Women's 3"" Pro Compression Shorts",32
169,9,Diamondback Adult Sorrento Mountain Bike 2014,299.980011
170,9,Quest Q64 10 FT. x 10 FT. Slant Leg Instant U,59.97999954
171,9,MAC Sports Collapsible Wagon,69.98999786
172,9,Nike Women's Tempo Shorts,30
173,9,Under Armour Men's Highlight MC Football Clea,129.9900055
174,9,Nike Men's USA White Home Stadium Soccer Jers,90
175,9,Nike Women's Tempo Shorts,30
176,9,Easton Mako Youth Bat 2014 (-11),249.9700012
177,9,Nike Youth USA Away Stadium Replica Soccer Je,75
178,9,adidas Brazuca 2014 Top Glider Soccer Ball,29.98999977
179,9,Brooks Women's Adrenaline GTS 13 Running Shoe,89.98999786
180,9,Nike Men's USA Away Stadium Replica Soccer Je,90
181,9,Lifetime Freestyle XL Stand-Up Paddle Board,399.9899902
182,9,adidas Men's Germany Home Soccer Jersey,90
183,9,Nike+ Fuelband SE,99
184,9,PUMA Men's evoPOWER 1 Tricks FG Soccer Cleat,189.9900055
185,9,"Goaliath 54"" In-Ground Basketball Hoop with P",499.9899902
186,9,adidas Brazuca 2014 Top Repliqu‚ Soccer Ball,39.99000168
187,9,Top Flite Women's XL 12-Piece Complete Set -,179.9799957
188,9,Fitbit Flex Wireless Activity & Sleep Wristba,99.94999695
189,9,Nike Women's Tempo Shorts,30
190,9,Under Armour Men's Renegade D Mid Football Cl,89.98999786
191,9,Nike Men's Free 5.0+ Running Shoe,99.98999786
192,9,"Nike Women's Pro Core 3"" Compression Shorts",28
193,10,Diamondback Adult Sorrento Mountain Bike 2014,299.980011
194,10,Nike+ Fuelband SE,99
195,10,Fitbit Flex Wireless Activity & Sleep Wristba,99.94999695
196,10,Diamondback Boys' Insight 24 Performance Hybr,299.9899902
197,10,SOLE E25 Elliptical,999.9899902
198,10,Diamondback Girls' Clarity 24 Hybrid Bike 201,299.9899902
199,10,SOLE F85 Treadmill,1799.98999
200,10,Diamondback Adult Outlook Mountain Bike 2014,309.9899902
201,10,Elevation Training Mask 2.0,79.98999786
202,10,Diamondback Adult Response XE Mountain Bike 2,349.980011
203,10,GoPro HERO3+ Black Edition Camera,399.9899902
204,10,Rollerblade Men's Spark 84 Inline Skate,159.9900055
205,10,Diamondback Adult Wildwood Citi Classic Comfo,269.9899902
206,10,Diamondback Adult Edgewood Hybrid Bike 2014,299.980011
207,10,Rollerblade Women's Spark 84 Inline Skates,159.9900055
208,10,SOLE E35 Elliptical,1999.98999
209,10,Quest 15 FT Trampoline Enclosure Combo,499.9899902
210,10,Thule Trailway 4-Bike Hitch Vehicle Rack,199.9799957
211,10,Diamondback Grind BMX Bike 2014,199.9900055
212,10,Under Armour Men's Ignite Camo II Slide,34.99000168
213,10,Exerpeutic 900XL Magnetic Recumbent Bike with,199.9900055
214,10,Diamondback Women's Vital 2 Hybrid Bike 2014,299.980011
215,10,Garmin vivofit Fitness Band with HRM,169.9900055
216,10,Yakima DoubleDown Ace Hitch Mount 4-Bike Rack,189
217,11,Fitness Gear 300 lb Olympic Weight Set,209.9900055
218,11,Elevation Training Mask 2.0,79.98999786
219,11,Fitness Gear Pro Utility Bench,179.9900055
220,11,Teeter Hang Ups NXT-S Inversion Table,299.9899902
221,11,Fitness Gear Pro Olympic Bench,249.9900055
222,11,Fitness Gear Pro Half Rack,349.9899902
223,11,Teeter Hang-Ups EP-970 Limited Inversion Tabl,399.9899902
224,11,PowerBlock Classic 50 lb Adjustable Dumbbell,299.9899902
225,11,Marcy Pro Circuit Trainer,499.9899902
226,11,Bowflex SelectTech 1090 Dumbbells,599.9899902
227,11,Reebok Men's CrossFit Nano 3.0 Training Shoe,109.9899979
228,11,Fitness Gear Olympic Bench,199.9900055
229,11,Marcy Diamond 9010 Smith Cage,799.9899902
230,11,BOSU Balance Trainer,119.9899979
231,11,Nike Men's Romaleos 2 Weightlifting Shoe,199.9900055
232,11,adidas Men's Powerlift 2 Training Shoe,89.98999786
233,11,Core Fitness 5 - 50 lb Adjustable Dumbbells -,399.9899902
234,11,Fitness Gear Pro Core Bench,129.9900055
235,11,Under Armour Hustle Storm Medium Duffle Bag,34.99000168
236,11,PowerBlock 24 lb Adjustable Dumbbell Set,159.9900055
237,11,Fitness Gear 7' Olympic Bar,79.98999786
238,11,Fitness Gear Heavy Bag Stand,99.98999786
239,11,Reebok Women's CrossFit Nano 2.0 Training Sho,109.9899979
240,11,Stamina Air Rower,299.9899902
241,12,Nike Women's Tempo Shorts,30
242,12,Nike Women's Tempo Shorts,30
243,12,Brooks Women's Adrenaline GTS 13 Running Shoe,89.98999786
244,12,Nike+ Fuelband SE,99
245,12,Fitbit Flex Wireless Activity & Sleep Wristba,99.94999695
246,12,Nike Women's Tempo Shorts,30
247,12,"Nike Women's Pro Core 3"" Compression Shorts",28
248,12,Nike Women's Free 4.0 Running Shoe,89.98999786
249,12,Under Armour Women's Micro G Skulpt Running S,54.97000122
250,12,Under Armour Women's Play Up Shorts,24.98999977
251,12,Brooks Women's Ghost 6 Running Shoe,89.98999786
252,12,Nike Women's Pro Victory Compression Bra,21.98999977
253,12,Nike Women's Free 5.0+ Running Shoe,99.98999786
254,12,Brooks Women's Ghost 6 Running Shoe,89.98999786
255,12,ASICS Women's GEL-Noosa Tri 9 Running Shoe,139.9900055
256,12,Elevation Training Mask 2.0,79.98999786
257,12,Under Armour Women's Tech T-Shirt,16.98999977
258,12,Nike Women's Free 5.0 TR FIT PRT 4 Training S,94.98999786
259,12,Nike Women's Pro Hyperwarm Fitted Tights,24.96999931
260,12,ASICS Women's GEL-Nimbus 15 Running Shoe,119.9899979
261,12,ASICS Women's GEL-Cumulus 15 Running Shoe,89.98999786
262,12,Fitness Gear Pro Utility Bench,179.9900055
263,12,Nike Women's Legend V-Neck T-Shirt,25
264,12,Nike Dri-FIT Crew Sock 6 Pack,22
265,13,Elevation Training Mask 2.0,79.98999786
266,13,Under Armour Men's Ignite Camo II Slide,34.99000168
267,13,Nike Men's Comfort 2 Slide,44.99000168
268,13,Everlast PowerCore 2 Station Stand and Bag Ki,199.9900055
269,13,Under Armour Men's Ignite III Slide,34.99000168
270,13,Nike Men's Comfort 2 Slide,44.99000168
271,13,Under Armour Kids' Ignite III Slide,27.98999977
272,13,Under Armour Women's Ignite VI Slide,31.98999977
273,13,Under Armour Kids' Mercenary Slide,27.98999977
274,13,Nike Men's Benassi Swoosh Slide,21.98999977
275,13,Under Armour Girls' UA Ignite VI Slide,27.98999977
276,13,Under Armour Women's Ignite Slide,31.98999977
277,13,Under Armour Women's Ignite VI Camo Slide,34.99000168
278,13,Under Armour Men's Compression EV SL Slide,44.99000168
279,13,Nike Men's Air LeBron 3 Elite Slide,69.98999786
280,13,Under Armour Hustle Storm Medium Duffle Bag,34.99000168
281,13,Fitness Gear Heavy Bag Stand,99.98999786
282,13,Under Armour Women's Ignite PIP VI Slide,31.98999977
283,13,Under Armour Kids' Mercenary Slide,27.98999977
284,13,Under Armour Women's Ignite VI Slide,31.98999977
285,13,Under Armour Men's Mercenary Slide,34.99000168
286,13,Under Armour Men's Ignite III Slide,34.99000168
287,13,Nike Men's Comfort 2 Slide,44.99000168
288,13,Nike Men's Air LeBron 3 Elite Slide,69.98999786
289,38,Nike+ Fuelband SE,99
290,38,Fitbit Flex Wireless Activity & Sleep Wristba,99.94999695
291,38,Garmin Forerunner 220 GPS Watch,249.9900055
292,38,Garmin Women's Forerunner 10 GPS Watch,129.9900055
293,38,Garmin vivofit Fitness Band with HRM,169.9900055
294,38,Garmin Forerunner 10 GPS Watch,129.9900055
295,38,Fitbit The One Wireless Activity & Sleep Trac,99.94999695
296,38,Nike+ Sportwatch GPS Powered by TomTom with S,169
297,38,Garmin vivofit Fitness Band,129.9900055
298,38,Garmin Forerunner 15 GPS Watch with HRM,199.9900055
299,38,Jawbone UP24 Activity Tracker,149.9900055
300,38,Garmin Forerunner 620 GPS Watch with Heart Ra,449.9899902
301,38,Garmin Forerunner 15 GPS Watch,169.9900055
302,38,Nike+ Sportwatch GPS Powered by TomTom,149
303,38,Garmin Forerunner 910XT GPS Watch,399.9899902
304,38,Garmin Forerunner 220 GPS Watch with Premium,299.9899902
305,38,Mio ALPHA Heart Rate Monitor/Sport Watch,199
306,38,Polar FT4 Heart Rate Monitor,89.98999786
307,38,Garmin Forerunner 910XT with HRM,449.9899902
308,38,Fitbit Zip Wireless Activity Tracker,59.95000076
309,38,Fitbit Aria Wi-Fi Smart Scale,129.9499969
310,38,Beats by Dr. Dre Solo2 Headphones,199.9499969
311,38,Polar Loop Activity Tracker,109.9499969
312,38,TomTom Multi-Sport Cardio + Cycle GPS Watch w,399.9899902
313,15,Under Armour Women's Seamless Essential Sport,24.98999977
314,15,Nike Women's Studio Wrap,36.99000168
315,15,Nike Women's Legend Tight Capris 2.0,60
316,15,Nike Women's Legend Regular Capris 2.0,65
317,15,Nike Women's Printed Studio Wrap,36.99000168
318,15,Under Armour Women's Seamless Advantage Sport,29.98999977
319,15,Under Armour Women's HeatGear Sonic Printed C,29.98999977
320,15,Manduka PRO Yoga Mat,100
321,15,Reebok Women's Fitness Essentials Regular Fit,34
322,15,Nike Women's Studio Wrap Three-Part Pack,81.98999786
323,15,Under Armour Women's Achieve T-Back Tank Top,24.98999977
324,15,Reebok Women's Fitness Essential Slim Fit Cap,34
325,15,lucy Women's Hatha Capri Leggings,79
326,15,Mission Enduracool Instant Cooling Towel,14.98999977
327,15,Reebok Women's Performance Regular Motion Fit,50
328,15,Under Armour Women's Perfect Flowy Tank Top,32.99000168
329,15,Under Armour Women's Essential Banded Tank To,49.99000168
330,15,Nike Women's Dri-FIT Cotton Tight Capris,40
331,15,The North Face Women's Be Calm Tank Top,38
332,15,Under Armour Women's Pure Stretch Sheer Cheek,12
333,15,lucy Women's Heart Center Tank Top,55
334,15,Reebok Women's Fitness Essentials Regular Fit,38
335,15,Nike Women's Dri-FIT Cotton Regular-Fit Capri,45
336,15,"Nike Swoosh Headband - 2""",5
337,16,Fitness Gear 300 lb Olympic Weight Set,209.9900055
338,16,Nike Men's Fingertrap Max Training Shoe,124.9899979
339,16,Elevation Training Mask 2.0,79.98999786
340,16,PRIMED 12' x 6' Instant Soccer Goal,149.9900055
341,16,Fitness Gear Pro Utility Bench,179.9900055
342,16,SKLZ Quickster 12' x 6' Portable Soccer Goal,149.9900055
343,16,Teeter Hang Ups NXT-S Inversion Table,299.9899902
344,16,Under Armour Men's Ignite Camo II Slide,34.99000168
345,16,Fitness Gear Pro Olympic Bench,249.9900055
346,16,Fitness Gear Pro Half Rack,349.9899902
347,16,adidas Brazuca Final Rio Top Glider Soccer Ba,29.98999977
348,16,McDavid HEX Extended Leg Sleeves,29.98999977
349,16,Franklin 12' x 6' Competition Steel Soccer Go,119.9899979
350,16,Nike Men's Comfort 2 Slide,44.99000168
351,16,Jugs Complete Practice Travel Screen,149.9900055
352,16,Under Armour Men's Ignite III Slide,34.99000168
353,16,Nike Men's Comfort 2 Slide,44.99000168
354,16,Nike Men's Fingertrap Max Training Shoe,124.9899979
355,16,Nike Men's Free Trainer 5.0 Training Shoe,99.98999786
356,16,PRIMED 7' x 5' Soccer Trainer,99.98999786
357,16,Under Armour Kids' Ignite III Slide,27.98999977
358,16,Reebok Women's Solid Classic Tank Swimsuit,64.98999786
359,16,Nike Men's Free TR 5.0 TB Training Shoe,99.98999786
360,16,Under Armour Women's Ignite VI Slide,31.98999977
361,17,Bowflex Uppercut,129.9900055
362,17,Perfect Fitness Perfect Ab Strap Pro,29.98999977
363,17,Total Gym 1100,199.9900055
364,17,Total Gym 1400,299.9899902
365,17,Perfect Fitness Perfect Rip Deck,59.99000168
366,17,Gazelle Supreme Glider,299.9899902
367,17,Gazelle Edge Pro Glider,149.9900055
368,17,Pink BOSU Balance Trainer,119.9899979
369,17,BOSU Ballast Ball,59.99000168
370,17,Kettleglove Unisex Kettleball Gloves,19.98999977
371,17,Total Gym 1900,399.9899902
372,17,Perfect Ab Carver Pro,39.99000168
373,17,Perfect Fitness Multi Gym Pro,39.99000168
374,17,Perfect Pushup BASIC,19.98999977
375,17,Gold's Gym K10 7-in-1 Body Building Kit,49.99000168
376,17,Perfect Pushup V2 Performance,29.98999977
377,17,Perfect Pullup Basic,19.98999977
378,17,AB Roller Evolution,29.98999977
379,17,Perfect Multi-Gym - As Seen on TV!,29.98999977
380,17,BOSU Balance Trainer,119.9899979
381,18,Under Armour Men's Highlight MC Football Clea,129.9900055
382,18,PUMA Men's evoPOWER 1 Tricks FG Soccer Cleat,189.9900055
383,18,Under Armour Men's Renegade D Mid Football Cl,89.98999786
384,18,Under Armour Men's Renegade D Mid Football Cl,89.98999786
385,18,Jordan Men's VI Retro TD Football Cleat,134.9900055
386,18,Nike Men's Vapor Carbon Elite TD Football Cle,129.9900055
387,18,adidas Kids' F5 Messi FG Soccer Cleat,34.99000168
388,18,Nike Men's Hypervenom Phantom Premium FG Socc,0
389,18,Under Armour Men's Highlight MC Football Clea,129.9900055
390,18,Under Armour Men's Highlight MC Alter Ego Fla,139.9900055
391,18,Under Armour Men's Renegade D Mid Football Cl,89.98999786
392,18,Under Armour Kids' Highlight RM Alter Ego Sup,59.99000168
393,18,Under Armour Men's Highlight MC Football Clea,129.9900055
394,18,Nike Men's Fingertrap Max Training Shoe,124.9899979
395,18,adidas Kids' F10 Messi TRX FG Soccer Cleat,44.99000168
396,18,Under Armour Men's Highlight MC Football Clea,129.9900055
397,18,Under Armour Kids' Highlight RM Football Clea,54.99000168
398,18,adidas Men's F10 Messi TRX FG Soccer Cleat,59.99000168
399,18,Under Armour Men's Highlight MC Alter Ego Hul,139.9900055
400,18,Under Armour Men's Highlight MC Football Clea,129.9900055
401,18,adidas Men's F10 Messi FG Soccer Cleat,59.99000168
402,18,Under Armour Men's Highlight MC Alter Ego Cap,139.9900055
403,18,Nike Men's CJ Elite 2 TD Football Cleat,129.9900055
404,18,Nike Men's Vapor Carbon Elite TD Football Cle,129.9900055
405,19,Under Armour Men's Highlight MC Football Clea,129.9900055
406,19,Nike+ Fuelband SE,99
407,19,PUMA Men's evoPOWER 1 Tricks FG Soccer Cleat,189.9900055
408,19,Fitbit Flex Wireless Activity & Sleep Wristba,99.94999695
409,19,Under Armour Men's Renegade D Mid Football Cl,89.98999786
410,19,Nike Men's Free 5.0+ Running Shoe,99.98999786
411,19,Under Armour Men's Renegade D Mid Football Cl,89.98999786
412,19,Jordan Men's VI Retro TD Football Cleat,134.9900055
413,19,Nike Men's Vapor Carbon Elite TD Football Cle,129.9900055
414,19,Nike Men's Hypervenom Phantom Premium FG Socc,0
415,19,Under Armour Men's Highlight MC Football Clea,129.9900055
416,19,Nike Men's Free 5.0 Running Shoe,99.98999786
417,19,Under Armour Men's Highlight MC Alter Ego Fla,139.9900055
418,19,Under Armour Men's Renegade D Mid Football Cl,89.98999786
419,19,Brooks Men's Adrenaline GTS 13 Running Shoe,89.98999786
420,19,Under Armour Men's Highlight MC Football Clea,129.9900055
421,19,Nike Men's Fingertrap Max Training Shoe,124.9899979
422,19,Under Armour Men's Highlight MC Football Clea,129.9900055
423,19,adidas Men's F10 Messi TRX FG Soccer Cleat,59.99000168
424,19,Under Armour Men's Highlight MC Alter Ego Hul,139.9900055
425,19,Nike Men's Air Max 2014 Running Shoe,149.9900055
426,19,Under Armour Men's Highlight MC Football Clea,129.9900055
427,19,adidas Men's F10 Messi FG Soccer Cleat,59.99000168
428,19,Under Armour Men's Highlight MC Alter Ego Cap,139.9900055
429,20,Brooks Women's Adrenaline GTS 13 Running Shoe,89.98999786
430,20,Nike+ Fuelband SE,99
431,20,Fitbit Flex Wireless Activity & Sleep Wristba,99.94999695
432,20,Nike Women's Free 4.0 Running Shoe,89.98999786
433,20,Under Armour Women's Micro G Skulpt Running S,54.97000122
434,20,Brooks Women's Ghost 6 Running Shoe,89.98999786
435,20,Nike Women's Free 5.0+ Running Shoe,99.98999786
436,20,Brooks Women's Ghost 6 Running Shoe,89.98999786
437,20,ASICS Women's GEL-Noosa Tri 9 Running Shoe,139.9900055
438,20,Nike Women's Free 5.0 TR FIT PRT 4 Training S,94.98999786
439,20,ASICS Women's GEL-Nimbus 15 Running Shoe,119.9899979
440,20,Nike Men's Mercurial Victory IV FG Soccer Cle,59.97000122
441,20,ASICS Women's GEL-Cumulus 15 Running Shoe,89.98999786
442,20,Nike Dri-FIT Crew Sock 6 Pack,22
443,20,Nike Women's Air Pegasus+ 30 Running Shoe,89.98999786
444,20,Nike Women's Downshifter 5 Running Shoe,49.97999954
445,20,Nike Women's Air Pegasus+ 30 Running Shoe,89.98999786
446,20,Nike Women's LunarGlide+ 5 Running Shoe,109.9899979
447,20,Nike Women's Free TR Connect 2 Training Shoe,109.9899979
448,20,Nike Women's Zoom Fly Running Shoe,89.98999786
449,20,Mizuno Women's Wave Inspire 9 Running Shoe,79.97000122
450,20,Garmin Forerunner 220 GPS Watch,249.9900055
451,20,Garmin Women's Forerunner 10 GPS Watch,129.9900055
452,20,Garmin vivofit Fitness Band with HRM,169.9900055
453,21,Nike Kids' Grade School KD VI Basketball Shoe,99.98999786
454,21,adidas Kids' F5 Messi FG Soccer Cleat,34.99000168
455,21,Under Armour Kids' Highlight RM Alter Ego Sup,59.99000168
456,21,adidas Kids' F10 Messi TRX FG Soccer Cleat,44.99000168
457,21,Under Armour Kids' Highlight RM Football Clea,54.99000168
458,21,Nike Kids' Grade School LeBron XI Basketball,139.9900055
459,21,Under Armour Kids' Highlight RM Alter Ego Cap,59.99000168
460,21,Under Armour Kids' Highlight RM Alter Ego Bat,59.99000168
461,21,Under Armour Kids' Highlight RM Football Clea,54.99000168
462,21,Under Armour Kids' Highlight RM Alter Ego Fla,59.99000168
463,21,Nike Kids' Grade School KD VI Basketball Shoe,99.98999786
464,21,Nike Kids' Vapor Strike 4 Mid TD Football Cle,59.99000168
465,21,Under Armour Kids' Highlight RM Football Clea,54.99000168
466,21,Under Armour Kids' Highlight RM Alter Ego Hul,59.99000168
467,21,Nike Kids' Vapor Strike 4 Mid TD Football Cle,59.99000168
468,21,Under Armour Kids' C1N MC Football Cleat,69.98999786
469,21,Nike Kids' Vapor Strike 4 Mid TD Football Cle,59.99000168
470,21,adidas Kids' RG III Mid Football Cleat,69.98999786
471,21,Nike Kids' Grade School KD VI Basketball Shoe,99.98999786
472,21,Nike Kids' Vapor Strike 4 Mid TD Football Cle,59.99000168
473,21,Under Armour Kids' Highlight RM Football Clea,54.99000168
474,21,Nike Hyper Elite Crew Basketball Sock,18
475,21,Nike Kids' Vapor Strike 4 Mid TD Football Cle,59.99000168
476,21,Reebok All Sport Athletic Sock,8
477,22,Nike Women's Tempo Shorts,30
478,22,Nike Women's Tempo Shorts,30
479,22,Brooks Women's Adrenaline GTS 13 Running Shoe,89.98999786
480,22,Nike+ Fuelband SE,99
481,22,Top Flite Women's XL 12-Piece Complete Set -,179.9799957
482,22,Fitbit Flex Wireless Activity & Sleep Wristba,99.94999695
483,22,Nike Women's Tempo Shorts,30
484,22,Nike Men's Free 5.0+ Running Shoe,99.98999786
485,22,"Nike Women's Pro Core 3"" Compression Shorts",28
486,22,Coleman River Gorge 6 Person Dome Tent,79.98000336
487,22,Jordan Men's VI Retro TD Football Cleat,134.9900055
488,22,SOLE E25 Elliptical,999.9899902
489,22,Nike Kids' Grade School KD VI Basketball Shoe,99.98999786
490,22,Nike Women's Free 4.0 Running Shoe,89.98999786
491,22,Under Armour Women's Micro G Skulpt Running S,54.97000122
492,22,Nike Men's Free 5.0 Running Shoe,99.98999786
493,22,Brooks Women's Ghost 6 Running Shoe,89.98999786
494,22,Nike Women's Pro Victory Compression Bra,21.98999977
495,22,Slazenger Women's Ava Sleeveless Fashion Golf,32
496,22,SOLE F85 Treadmill,1799.98999
497,22,Nike Women's Free 5.0+ Running Shoe,99.98999786
498,22,Brooks Men's Adrenaline GTS 13 Running Shoe,89.98999786
499,22,Brooks Women's Ghost 6 Running Shoe,89.98999786
500,22,Kijaro Dual Lock Chair,29.98999977
501,24,Nike Men's USA White Home Stadium Soccer Jers,90
502,24,Nike Men's Dri-FIT Victory Golf Polo,50
503,24,Nike Youth USA Away Stadium Replica Soccer Je,75
504,24,adidas Brazuca 2014 Top Glider Soccer Ball,29.98999977
505,24,Nike Men's USA Away Stadium Replica Soccer Je,90
506,24,adidas Men's Germany Home Soccer Jersey,90
507,24,Nike+ Fuelband SE,99
508,24,PUMA Men's evoPOWER 1 Tricks FG Soccer Cleat,189.9900055
509,24,adidas Brazuca 2014 Top Repliqu‚ Soccer Ball,39.99000168
510,24,Fitbit Flex Wireless Activity & Sleep Wristba,99.94999695
511,24,"Nike Women's Pro Core 3"" Compression Shorts",28
512,24,Nike Men's Flat Front Tech Golf Shorts,65
513,24,adidas Brazuca 2014 Official Match Ball,159.9900055
514,24,adidas Men's Germany Black/Red Away Match Soc,90
515,24,adidas Kids' F5 Messi FG Soccer Cleat,34.99000168
516,24,Callaway X Hot Laser Rangefinder,229.9900055
517,24,Nike Men's Hypervenom Phantom Premium FG Socc,0
518,24,Nike Women's Pro Victory Compression Bra,21.98999977
519,24,adidas Men's Mexico Home Soccer Jersey,90
520,24,adidas Men's Ultimate Short Sleeve Shirt,22
521,24,Nike Men's Dri-FIT Flat Front Tech Golf Pants,80
522,24,Reebok Men's Full Zip Training Jacket,29.96999931
523,24,adidas Kids' F10 Messi TRX FG Soccer Cleat,44.99000168
524,24,adidas Men's F10 Messi TRX FG Soccer Cleat,59.99000168
525,25,Nike Women's Tempo Shorts,30
526,25,Nike Men's USA White Home Stadium Soccer Jers,90
527,25,Nike Women's Tempo Shorts,30
528,25,Nike Youth USA Away Stadium Replica Soccer Je,75
529,25,adidas Brazuca 2014 Top Glider Soccer Ball,29.98999977
530,25,Brooks Women's Adrenaline GTS 13 Running Shoe,89.98999786
531,25,Nike Men's USA Away Stadium Replica Soccer Je,90
532,25,adidas Men's Germany Home Soccer Jersey,90
533,25,Nike+ Fuelband SE,99
534,25,PUMA Men's evoPOWER 1 Tricks FG Soccer Cleat,189.9900055
535,25,adidas Brazuca 2014 Top Repliqu‚ Soccer Ball,39.99000168
536,25,Top Flite Women's XL 12-Piece Complete Set -,179.9799957
537,25,Fitbit Flex Wireless Activity & Sleep Wristba,99.94999695
538,25,Nike Women's Tempo Shorts,30
539,25,"Nike Women's Pro Core 3"" Compression Shorts",28
540,25,Coleman River Gorge 6 Person Dome Tent,79.98000336
541,25,adidas Brazuca 2014 Official Match Ball,159.9900055
542,25,adidas Men's Germany Black/Red Away Match Soc,90
543,25,Lady Hagen Women's Milan Golf Polo,25
544,25,adidas Kids' F5 Messi FG Soccer Cleat,34.99000168
545,25,Callaway X Hot Laser Rangefinder,229.9900055
546,25,Nike Women's Free 4.0 Running Shoe,89.98999786
547,25,Nike Men's Hypervenom Phantom Premium FG Socc,0
548,25,Under Armour Women's Micro G Skulpt Running S,54.97000122
549,26,Lotto Men's Zhero Gravity V 700 TF Soccer Cle,59.99000168
550,26,adidas Men's 2014 All-Star Game Tactile Hunte,20
551,26,Lotto Men's Zhero Gravity V 700 TF Soccer Cle,59.99000168
552,26,Lotto Men's Zhero Gravity V 700 TF Soccer Cle,59.99000168
553,26,adidas Men's 2014 MLS All-Star Game Dueling T,24
554,26,adidas Men's 2014 MLS All-Star Game Cross Bla,20
555,26,adidas Original Men's 2014 MLS All-Star Game,28
556,26,adidas Original Men's 2014 MLS All-Star Game,28
557,26,adidas Men's 2014 MLS All-Star Game Rose City,28
558,26,adidas Men's 2014 MLS All-Star Game Crest Gre,28
559,26,adidas Women's 2014 MLS All-Star Game Dueling,28
560,26,adidas Men's 2014 MLS All-Star Game Replica B,85
561,26,adidas Men's 2014 MLS All-Star Game Lumber Hu,22
562,26,adidas Men's 2014 MLS All-Star Game Axis Hunt,22
563,26,adidas Men's Germany 2014 FIFA World Cup Braz,22
564,26,Nike Men's Deutschland Weltmeister Winners Bl,30
565,26,adidas Youth Germany Black/Red Away Match Soc,70
566,26,adidas Men's Germany Black/Red Away Match Soc,90
567,26,adidas Men's Germany Black Crest Away Tee,25
568,26,adidas Youth Germany Black Crest Tee,18
569,26,adidas Men's Germany Home Soccer Jersey,90
570,26,adidas Men's Germany Home Replica White Top,50
571,26,TYR Boys' Venom Blade Splice Jammer,51.99000168
572,26,TYR Boys' Team Digi Jammer,39.99000168
573,27,Lotto Men's Zhero Gravity V 700 TF Soccer Cle,59.99000168
574,27,adidas Men's 2014 All-Star Game Tactile Hunte,20
575,27,Lotto Men's Zhero Gravity V 700 TF Soccer Cle,59.99000168
576,27,Lotto Men's Zhero Gravity V 700 TF Soccer Cle,59.99000168
577,27,adidas Men's 2014 MLS All-Star Game Dueling T,24
578,27,adidas Men's 2014 MLS All-Star Game Cross Bla,20
579,27,adidas Original Men's 2014 MLS All-Star Game,28
580,27,adidas Original Men's 2014 MLS All-Star Game,28
581,27,adidas Men's 2014 MLS All-Star Game Rose City,28
582,27,adidas Men's 2014 MLS All-Star Game Crest Gre,28
583,27,adidas Women's 2014 MLS All-Star Game Dueling,28
584,27,adidas Men's 2014 MLS All-Star Game Replica B,85
585,27,adidas Men's 2014 MLS All-Star Game Lumber Hu,22
586,27,adidas Men's 2014 MLS All-Star Game Axis Hunt,22
587,27,adidas Men's Germany 2014 FIFA World Cup Braz,22
588,27,Nike Men's Deutschland Weltmeister Winners Bl,30
589,27,adidas Youth Germany Black/Red Away Match Soc,70
590,27,adidas Men's Germany Black/Red Away Match Soc,90
591,27,adidas Men's Germany Black Crest Away Tee,25
592,27,adidas Youth Germany Black Crest Tee,18
593,27,adidas Men's Germany Home Soccer Jersey,90
594,27,adidas Men's Germany Home Replica White Top,50
595,27,TYR Girls' Phoenix Maxfit Back Swimsuit,75.98999786
596,27,TYR Girls' Palisade Maxfit Back Swimsuit,75.98999786
597,41,Nike+ Fuelband SE,99
598,41,Fitbit Flex Wireless Activity & Sleep Wristba,99.94999695
599,41,Callaway X Hot Laser Rangefinder,229.9900055
600,41,Nike Women's Pro Victory Compression Bra,21.98999977
601,41,GoPro HERO3+ Black Edition Camera,399.9899902
602,41,Nike Elite Crew Basketball Sock,14
603,41,Under Armour Hustle Backpack,54.99000168
604,41,Nike Dri-FIT Crew Sock 6 Pack,22
605,41,Nike Hoops Elite Team Backpack,70
606,41,Bushnell 2014 Tour V3 Patriot Pack Laser Rang,299.9899902
607,41,Garmin Approach S3 Golf GPS Watch,249.9900055
608,41,Garmin Forerunner 220 GPS Watch,249.9900055
609,41,Garmin Approach G6 Golf GPS,249.9900055
610,41,GolfBuddy Voice GPS,119.9899979
611,41,Garmin Women's Forerunner 10 GPS Watch,129.9900055
612,41,Garmin vivofit Fitness Band with HRM,169.9900055
613,41,Garmin Forerunner 10 GPS Watch,129.9900055
614,41,Fitbit The One Wireless Activity & Sleep Trac,99.94999695
615,41,Primos Truth Cam Supercharged Blackout 7 MP G,99.98999786
616,41,Nike+ Sportwatch GPS Powered by TomTom with S,169
617,41,Nike Hyper Elite Crew Basketball Sock,18
618,41,Nike Women's Pro Printed Sports Bra,25.98999977
619,41,Nike Vapor Crew Football Sock,18
620,41,Nike Women's Pro Padded Sports Bra,40
621,29,Under Armour Men's Performance Chino Straight,79.98999786
622,29,Nike Kids' Toddler Air KD VII Basketball Shoe,49.99000168
623,29,adidas Men's Energy Boost Icon Metal Baseball,149.9900055
624,29,adidas Batting Helmet Hardware Kit,4.989999771
625,29,Nike Men's Kobe IX Elite Low Basketball Shoe,199.9900055
626,29,Nike Men's KD VII Basketball Shoe,149.9900055
627,29,Under Armour Girls' Toddler Spine Surge Runni,39.99000168
628,29,Under Armour Elevate 22 oz. Leak-Proof Water,15.98999977
629,29,Nike Men's LeBron XI Low Basketball Shoe,169.9900055
630,29,ASICS Men's GEL-Blast 6 Volleyball Shoe,139.9900055
631,29,Nike Lunarwaverly Golf Shoes,139.9900055
632,29,Nike Lunarwaverly Golf Shoes,139.9900055
633,29,Nike Lunarwaverly Golf Shoes,139.9900055
634,29,Nike Lunarwaverly Golf Shoes,139.9900055
635,29,Nike Lunar Mount Royal Golf Shoes,99.98999786
636,29,Nike Lunar Mount Royal Golf Shoes,99.98999786
637,29,Nike Lunar Mount Royal Golf Shoes,99.98999786
638,29,Nike Lunar Mount Royal Golf Shoes,99.98999786
639,29,Columbia Men's PFG Terminal Elements Marlin T,30
640,29,Columbia Men's PFG Fear the Moray T-Shirt,30
641,29,Columbia Men's PFG Master Caster T-Shirt,30
642,29,Columbia Men's PFG Anchor Tough T-Shirt,30
643,29,Nike Lunar Cypress Golf Shoes,99.98999786
644,29,Nike Lunar Cypress Golf Shoes,99.98999786
645,30,Roxy Women's Steamer Long Sleeve Rash Guard,68
646,30,Merrell Women's Grassbow Sport Hiking Shoe,99.98999786
647,30,Merrell Women's Siren Mid Waterproof Hiking B,134.9900055
648,30,Merrell Women's Siren Mid Waterproof Hiking B,134.9900055
649,30,Merrell Men's Chameleon Prime Stretch Realtre,109.9899979
650,30,Merrell Men's Chameleon Prime Stretch Hiking,109.9899979
651,30,Merrell Men's Chameleon Prime Stretch Realtre,129.9900055
652,30,Merrell Women's Grassbow Sport Waterproof Hik,129.9900055
653,30,Merrell Women's Grassbow Sport Hiking Shoe,99.98999786
654,30,Merrell Men's Moab Rover Waterproof Wide Hiki,109.9899979
655,30,Merrell Men's Moab Rover Waterproof Wide Hiki,109.9899979
656,30,Merrell Men's Moab Rover Waterproof Wide Hiki,109.9899979
657,30,Merrell Women's Azura Wide Hiking Shoe,99.98999786
658,30,Merrell Women's Azura Hiking Shoe,99.98999786
659,30,Merrell Men's Moab Rover Waterproof Wide Hiki,119.9899979
660,30,Merrell Men's Moab Rover Waterproof Hiking Sh,119.9899979
661,30,Merrell Women's Azura Wide Hiking Shoe,99.98999786
662,30,Merrell Women's Azura Hiking Shoe,99.98999786
663,30,Merrell Men's Moab Rover Mid Waterproof Wide,139.9900055
664,30,Merrell Men's Moab Rover Mid Waterproof Wide,139.9900055
665,30,Merrell Men's Moab Rover Mid Waterproof Hikin,139.9900055
666,30,Merrell Men's All Out Flash Trail Running Sho,109.9899979
667,30,Merrell Women's All Out Flash Trail Running S,109.9899979
668,30,Merrell Women's All Out Flash Trail Running S,109.9899979
669,31,Cleveland Golf My Custom Wedge 588 Forged RTX,179.9900055
670,31,Cleveland Golf Elite My Custom Wedge 588 Forg,209.9900055
671,31,Cleveland Golf Collegiate My Custom Wedge 588,209.9900055
672,31,PING G30 Driver,349
673,31,PING G30 Fairway Wood,249
674,31,PING G30 Hybrid,219
675,31,PING G30 Irons - (Steel) 4-UW,799
676,31,PING G30 Irons - (Graphite) 4-UW,899
677,31,TaylorMade White Smoke IN-12 Putter,99.98999786
678,31,TaylorMade White Smoke MC-72 Putter,99.98999786
679,31,Tour Edge Exotics CB Pro S Forged Wedge,99.98999786
680,31,Boccieri Golf EL C2-M Counterbalance Putter,149.9900055
681,31,Boccieri Golf EL C2-M Counterbalance Putter,119.9899979
682,31,Boccieri Golf EL L3-M Counterbalance Putter,149.9900055
683,31,Boccieri Golf EL L3-M Counterbalance Putter,119.9899979
684,31,PING Scottsdale TR Anser 2B Counterbalance Pu,199.9900055
685,31,"TaylorMade SLDR Irons - (Steel) 4-PW, AW",899.9899902
686,31,MDGolf Texas Longhorns Putter,79.98999786
687,31,MDGolf Alabama Crimson Tide Putter,79.98999786
688,31,Tour Edge XCG7 Irons - (Steel) 4-PW,499.9899902
689,31,Tour Edge XCG7 Irons - (Graphite) 4-PW,599.9899902
690,31,Tour Edge XCG7 X-LITE Hybrid/Irons - (Graphit,599.9899902
691,31,MDGolf Pittsburgh Penguins Putter,79.98999786
692,31,MDGolf Philadelphia Flyers Putter,79.98999786
693,32,Top Flite Women's XL 12-Piece Complete Set -,179.9799957
694,32,Callaway Women's Solaire Gems 20-Piece Comple,999.9899902
695,32,Callaway Women's Solaire Gems 20-Piece Comple,999.9899902
696,32,Wilson Women's Profile Petite 11-Piece Comple,299.9899902
697,32,Tour Edge Women's Moda Silk 18-Piece Complete,599.9899902
698,32,Cleveland Women's 588 Altitude Hybrid/Irons -,699.9899902
699,32,Tour Edge Women's Moda Silk 18-Piece Complete,599.9899902
700,32,Top Flite Women's 2014 XL Driver,29.98999977
701,32,Top Flite Women's 2014 XL Fairway,19.98999977
702,32,Top Flite Women's Tour Black PVD Wedge,59.99000168
703,32,Top Flite Women's 2014 XL Hybrid,19.98999977
704,32,Cobra Women's AMP CELL-S Irons - (Graphite) 5,499.9899902
705,32,Cleveland Golf Women's 588 RTX CB Satin Chrom,119.9899979
706,32,Top Flite Women's 2014 1.0 Blade Putter,29.98999977
707,32,Top Flite Women's 2014 2.0 Mallet Putter,29.98999977
708,32,Adams Golf Women's Idea Tech V4 Hybrid/Iron S,499.9899902
709,32,Top Flite Women's Aero Adjustable Driver - Gr,99.98999786
710,32,Top Flite Women's Aero Adjustable Driver - Pi,99.98999786
711,32,Top Flite Women's Aero Fairway,49.99000168
712,32,Top Flite Women's Aero Hybrid,49.99000168
713,32,TaylorMade Women's RBZ SL Driver,199.9900055
714,32,TaylorMade Women's RBZ SL Fairway,179.9900055
715,32,TaylorMade Women's RBZ SL Rescue,129.9900055
716,32,TaylorMade Women's RBZ SL Irons - (Graphite),449.9899902
717,33,Under Armour Men's Performance Chino Straight,79.98999786
718,33,Nike Lunarwaverly Golf Shoes,139.9900055
719,33,Nike Lunar Cypress Golf Shoes,99.98999786
720,33,LIJA Women's Eyelet Golf Skort,90
721,33,LIJA Women's Golf Beanie,10.80000019
722,33,LIJA Women's Golf Hat,27
723,33,LIJA Women's Golf Visor,22.5
724,33,LIJA Women's Mid-Length Panel Golf Shorts,100
725,33,LIJA Women's Button Golf Dress,108
726,33,LIJA Women's Ace Sleeveless Golf Polo,58.5
727,33,LIJA Women's Long Sleeve Golf Quarter-Zip Pul,80
728,33,LIJA Women's Eyelet Sleeveless Golf Polo,65
729,33,LIJA Women's Open Neck Print Golf Polo,80
730,33,LIJA Women's Argyle Golf Polo,80
731,33,LIJA Women's Mandarin Sleeveless Golf Polo,63
732,33,LILJA Women's Ace Golf Polo,70
733,33,Nike Women's Lunar Empress Golf Shoes,99.98999786
734,33,Black Clover Men's Premium Clover Mesh Back G,27
735,33,Black Clover Men's Premium Clover Mesh Back G,27
736,33,Black Clover Men's Premium Clover Fitted Golf,27
737,33,Black Clover Men's Premium Clover Flex Fit Go,27
738,33,Sport Haley Women's Embossed Golf Polo,76
739,33,Nike TW 14 Mesh Golf Shoes,169.9900055
740,33,Nike TW 14 Mesh Golf Shoes,169.9900055
741,34,FootJoy GreenJoys Golf Shoes,59.99000168
742,34,FootJoy GreenJoys Golf Shoes,59.99000168
743,34,Ogio Race Golf Shoes,169.9900055
744,34,Ogio Race Golf Shoes,169.9900055
745,34,Ogio City Spiked Golf Shoes,149.9900055
746,34,Ogio City Spiked Golf Shoes,149.9900055
747,34,Ogio City Spiked Golf Shoes,149.9900055
748,34,Ogio City Turf Golf Shoes,129.9900055
749,34,Ogio City Turf Golf Shoes,129.9900055
750,34,Ogio City Turf Golf Shoes,129.9900055
751,34,Ogio Sport Golf Shoes,99.98999786
752,34,Ogio Sport Golf Shoes,99.98999786
753,34,Ogio Sport Golf Shoes,99.98999786
754,34,TRUE linkswear Lyt Dry Golf Shoes,149.9900055
755,34,TRUE linkswear Lyt Dry Golf Shoes,149.9900055
756,34,TRUE linkswear Lyt Dry Golf Shoes,149.9900055
757,34,TRUE linkswear Vegas Golf Shoes,99.98999786
758,34,TRUE linkswear Vegas Golf Shoes,99.98999786
759,34,Nike Lunarwaverly Golf Shoes,139.9900055
760,34,Nike Lunarwaverly Golf Shoes,139.9900055
761,34,Nike Lunarwaverly Golf Shoes,139.9900055
762,34,Nike Lunarwaverly Golf Shoes,139.9900055
763,34,PING Golf Shoe Bag,34.99000168
764,34,Nike Lunar Mount Royal Golf Shoes,99.98999786
765,35,Club Glove Burst Proof with Wheels II Travel,219.9900055
766,35,Club Glove Last Bag,299.9899902
767,35,Callaway 2014 Limited-Edition Hyper-Lite 5 St,199.9900055
768,35,Titleist Club Glove Travel Cover,299.9899902
769,35,Clicgear Rovic Wheel Cover,14.98999977
770,35,Clicgear Rovic Cart Seat,49.99000168
771,35,Clicgear Rovic Cooler Bag,39.99000168
772,35,Clicgear Rovic Shoe Brush,9.989999771
773,35,Titleist Small Wheeled Travel Cover,249.9900055
774,35,Clicgear 8.0 Pack Sack,27.98999977
775,35,Clicgear 8.0 Shoe Brush,9.989999771
776,35,Bag Boy C3 Push Cart,199.9900055
777,35,Bag Boy M330 Push Cart,79.98999786
778,35,Bag Boy Beverage Holder,24.98999977
779,35,Bag Boy Cart Seat,49.99000168
780,35,Bag Boy Express DLX Pro Push Cart,159.9900055
781,35,TaylorMade Performance Travel Cover,199.9900055
782,35,Maxfli Tour Travel Cover,149.9900055
783,35,Titleist 2014 Lightweight Stand Bag,199.9900055
784,35,Bag Boy Hybrid Pivot Grip Travel Cover,199.9900055
785,35,PING 2014 Hoofer 14 Stand Bag,219.9900055
786,35,TaylorMade 2014 Purelite Stand Bag,179.9900055
787,35,Nike 2014 Air Sport Stand Bag,149.9900055
788,35,Titleist 2014 14-Way Stand Bag,209.9900055
789,36,TaylorMade Men's Burner LTD Golf Glove,12.98999977
790,36,FootJoy Men's StaCool Golf Glove,13.98999977
791,36,Hirzl Women's Trust Feel Golf Glove,24.98999977
792,36,Hirzl Men's Hybrid Golf Glove,14.98999977
793,36,Hirzl Women's Hybrid Golf Glove,14.98999977
794,36,Hirzl Women's Trust Control Golf Glove,24.98999977
795,36,Hirzl Men's Soffft Flex Golf Glove,17.98999977
796,36,Callaway Women's X-Tech Golf Glove - White/Pi,12.98999977
797,36,Hirzl Women's Soffft Flex Golf Glove,17.98999977
798,36,Glove It Women's Urban Brick Golf Glove,19.98999977
799,36,Glove It Women's Versailles Golf Glove,19.98999977
800,36,Glove It Women's Navy Clear Dot Golf Glove,19.98999977
801,36,Glove It Women's Pink Clear Dot Golf Glove,19.98999977
802,36,Glove It Women's Olive Bling Golf Glove,19.98999977
803,36,Glove It Women's Silver Bling Golf Glove,19.98999977
804,36,Glove It Women's Imperial Golf Glove,19.98999977
805,36,Glove It Women's Red Clear Dot Golf Glove,19.98999977
806,36,Glove It Women's Violet Bling Golf Glove,24.98999977
807,36,Glove It Women's Hot Pink Bling Golf Glove,19.98999977
808,36,Glove It Women's Calypso Golf Glove,19.98999977
809,36,Glove It Women's 19th Hole Golf Glove,19.98999977
810,36,Glove It Women's Mod Oval Golf Glove,19.98999977
811,36,Glove It Women's Silver Willow Golf Glove,19.98999977
812,36,Glove It Women's Trellis Golf Glove,19.98999977
813,37,Callaway HX Practice Golf Balls - 18 Pack,19.98999977
814,37,Callaway HX Practice Golf Balls - 9 Pack,12.98999977
815,37,Zero Friction Practice Golf Balls - 12 Pack,4.989999771
816,37,Titleist Pro V1 Golf Balls,47.99000168
817,37,Titleist Pro V1 Personalized Golf Balls,51.99000168
818,37,Titleist Pro V1x Golf Balls,47.99000168
819,37,Titleist Pro V1x Personalized Golf Balls,51.99000168
820,37,Titleist Pro V1 High Numbers Golf Balls,47.99000168
821,37,Titleist Pro V1 High Numbers Personalized Gol,51.99000168
822,37,Titleist Pro V1x High Numbers Golf Balls,47.99000168
823,37,Titleist Pro V1x High Numbers Personalized Go,51.99000168
824,37,Titleist Pro V1 Double Number Golf Balls,51.99000168
825,37,Bridgestone e6 Straight Distance NFL Tennesse,31.98999977
826,37,Bridgestone e6 Straight Distance NFL Tampa Ba,31.98999977
827,37,Bridgestone e6 Straight Distance NFL Seattle,31.98999977
828,37,Bridgestone e6 Straight Distance NFL San Dieg,31.98999977
829,37,Bridgestone e6 Straight Distance NFL San Fran,31.98999977
830,37,Bridgestone e6 Straight Distance NFL Miami Do,31.98999977
831,37,Bridgestone e6 Straight Distance NFL Jacksonv,31.98999977
832,37,Bridgestone e6 Straight Distance NFL Indianap,31.98999977
833,37,Bridgestone e6 Straight Distance NFL Houston,31.98999977
834,37,Bridgestone e6 Straight Distance NFL Detroit,31.98999977
835,37,Bridgestone e6 Straight Distance NFL Carolina,31.98999977
836,37,Bridgestone e6 Straight Distance NFL Baltimor,31.98999977
837,38,Voice Caddie SC100 Portable Golf Launch Monit,269.9899902
838,38,Voice Caddie SC100 Portable Golf Launch Monit,269.9899902
839,38,GolfBuddy VS4 Golf GPS,149.9900055
840,38,Zepp Golf Swing Analyzer,149.9900055
841,38,SkyCaddie LINX Golf GPS Watch,249.9900055
842,38,Bushnell 2014 Tour V3 Patriot Pack Laser Rang,299.9899902
843,38,Bushnell 2014 Tour V3 Slope Patriot Pack Lase,399.9899902
844,38,SkyCaddie LINX Golf GPS Watch,249.9900055
845,38,Garmin Approach S4 Golf GPS Watch,299.9899902
846,38,geckobrands iPhone Waterproof Dry Bag,19.98999977
847,38,geckobrands Galaxy Waterproof Dry Bag,19.98999977
848,38,geckobrands Galaxy Waterproof Dry Bag,19.98999977
849,38,geckobrands Galaxy Waterproof Dry Bag,19.98999977
850,38,geckobrands Galaxy Waterproof Dry Bag,19.98999977
851,38,geckobrands iPhone Waterproof Dry Bag,19.98999977
852,38,geckobrands iPhone Waterproof Dry Bag,19.98999977
853,38,geckobrands iPhone Waterproof Dry Bag,19.98999977
854,38,Maxfli Digital Golf Scope,39.99000168
855,38,Nikon COOLSHOT AS Slope Laser Rangefinder,349.9899902
856,38,Nikon COOLSHOT Laser Rangefinder,279.9899902
857,38,GolfBuddy PT4 Touchscreen GPS,399.9899902
858,38,GolfBuddy VT3 GPS Watch,199.9900055
859,38,Garmin Approach G8 Golf GPS,399.9899902
860,38,Bushnell Pro X7 Jolt Slope Rangefinder,599.9899902
861,39,Cobra Junior Kids' Complete Set (Height 53'',199.9900055
862,39,Cobra Junior Kids' Complete Set (Height 46'',179.9900055
863,39,Top Flite Kids' 2014 XLj Complete Set (Height,129.9900055
864,39,Top Flite Kids' 2014 XLj Complete Set (Height,129.9900055
865,39,Top Flite Kids' 2014 XLj Complete Set (Height,109.9899979
866,39,Top Flite Kids' 2014 XLj Complete Set (Height,109.9899979
867,39,Top Flite Kids' 2014 XLj Complete Set (Height,109.9899979
868,39,Top Flite Kids' XLj Driver (Height 53'' and a,34.99000168
869,39,Top Flite Kids' XLj 7 Iron (Height 53'' and a,19.98999977
870,39,Top Flite Kids' XLj Sand Wedge (Height 53'' a,19.98999977
871,39,Top Flite Kids' XLj Putter (Height 53'' and a,19.98999977
872,39,Top Flite Kids' XLj Driver (Height 46''-52''),34.99000168
873,39,Top Flite Kids' XLj 7 Iron (Height 46'' - 52',19.98999977
874,39,Top Flite Kids' XLj Sand Wedge (Height 46'' t,19.98999977
875,39,Top Flite Kids' XLj Putter (Height 46'' - 52',19.98999977
876,39,Top Flite Kids' XLj Driver (Height 45'' and u,34.99000168
877,39,Top Flite Kids' XLj 7 Iron (Height 45'' and u,19.98999977
878,39,Top Flite Kids' XLj Sand Wedge (Height 45'' a,19.98999977
879,39,Top Flite Kids' XLj Putter (Height 45'' and u,19.98999977
880,39,PING Kids' My First Putter,139.9900055
881,39,Tour Edge Kids' HT Max-J Complete Set (Height,109.9899979
882,39,Tour Edge Kids' HT Max-J Complete Set (Height,109.9899979
883,39,Tour Edge Girls' HT Max-J Complete Set (Heigh,109.9899979
884,39,Tour Edge Girls' HT Max-J Complete Set (Heigh,109.9899979
885,40,Team Golf St. Louis Cardinals Putter Grip,24.98999977
886,40,Team Golf San Francisco Giants Putter Grip,24.98999977
887,40,Team Golf New York Yankees Putter Grip,24.98999977
888,40,Team Golf Detroit Tigers Putter Grip,24.98999977
889,40,Team Golf Chicago Cubs Putter Grip,24.98999977
890,40,Team Golf Boston Red Sox Putter Grip,24.98999977
891,40,Team Golf Washington Redskins Putter Grip,24.98999977
892,40,Team Golf San Francisco 49ers Putter Grip,24.98999977
893,40,Team Golf Pittsburgh Steelers Putter Grip,24.98999977
894,40,Team Golf Dallas Cowboys Putter Grip,24.98999977
895,40,Team Golf Oakland Raiders Putter Grip,24.98999977
896,40,Team Golf New York Giants Putter Grip,24.98999977
897,40,Team Golf New England Patriots Putter Grip,24.98999977
898,40,Team Golf Minnesota Vikings Putter Grip,24.98999977
899,40,Team Golf Green Bay Packers Putter Grip,24.98999977
900,40,Team Golf Chicago Bears Putter Grip,24.98999977
901,40,Team Golf Baltimore Ravens Putter Grip,24.98999977
902,40,Team Golf West Virginia Mountaineers Putter G,24.98999977
903,40,Team Golf Missouri Tigers Putter Grip,24.98999977
904,40,Team Golf Wisconsin Badgers Putter Grip,24.98999977
905,40,Team Golf Texas Longhorns Putter Grip,24.98999977
906,40,Team Golf Tennessee Volunteers Putter Grip,24.98999977
907,40,Team Golf South Carolina Gamecocks Putter Gri,24.98999977
908,40,Team Golf Penn State Nittany Lions Putter Gri,24.98999977
909,41,PING Golf Shoe Bag,34.99000168
910,41,LIJA Women's Golf Beanie,10.80000019
911,41,LIJA Women's Golf Hat,27
912,41,LIJA Women's Golf Visor,22.5
913,41,Golf Pride Decade MultiCompound Platinum Stan,9.590000153
914,41,Golf Pride Decade MultiCompound Platinum Stan,9.590000153
915,41,Golf Pride Decade MultiCompound Platinum Stan,9.590000153
916,41,Glove It Women's Urban Brick 3-Zip Carry All,21.98999977
917,41,Glove It Women's Mod Oval 3-Zip Carry All Gol,21.98999977
918,41,Glove It Women's Calypso 3-Zip Carry All Golf,21.98999977
919,41,Glove It Women's Imperial 3-Zip Carry All Gol,21.98999977
920,41,Glove It Women's Silver Willow 3-Zip Carry Al,21.98999977
921,41,Glove It Women's Santa Cruz 3-Zip Carry All G,21.98999977
922,41,Glove It Women's Trellis 3-Zip Carry All Golf,21.98999977
923,41,Glove It Women's Leopard 3-Zip Carry All Golf,21.98999977
924,41,Glove It Urban Brick Golf Towel,15.98999977
925,41,Glove It Mod Oval Golf Towel,15.98999977
926,41,Glove It Imperial Golf Towel,15.98999977
927,41,Glove It Silver Willow Golf Towel,15.98999977
928,41,Glove It Santa Cruz Golf Towel,15.98999977
929,41,Glove It Trellis Golf Towel,15.98999977
930,41,Glove It Nine and Wine Golf Towel,15.98999977
931,41,Glove It Women's Perforated 3-Zip Carry All G,29.98999977
932,41,Glove It Women's Pink Snake 3-Zip Carry All G,29.98999977
933,42,Nike VR_S Covert Driver,179.9900055
934,42,Callaway X Hot Driver,0
935,42,TaylorMade RocketBallz Stage 2 Driver,169.9900055
936,42,Cleveland Golf Classic XL Driver,119.9899979
937,42,Cobra AMP Cell Driver - Orange,169.9900055
938,43,Diamondback Adult Sorrento Mountain Bike 2014,299.980011
939,43,Nike+ Fuelband SE,99
940,43,Diamondback Boys' Insight 24 Performance Hybr,299.9899902
941,43,Diamondback Girls' Clarity 24 Hybrid Bike 201,299.9899902
942,43,Diamondback Adult Outlook Mountain Bike 2014,309.9899902
943,43,Diamondback Adult Response XE Mountain Bike 2,349.980011
944,43,GoPro HERO3+ Black Edition Camera,399.9899902
945,43,Rollerblade Men's Spark 84 Inline Skate,159.9900055
946,43,Diamondback Adult Wildwood Citi Classic Comfo,269.9899902
947,43,Diamondback Adult Edgewood Hybrid Bike 2014,299.980011
948,43,Rollerblade Women's Spark 84 Inline Skates,159.9900055
949,43,Thule Trailway 4-Bike Hitch Vehicle Rack,199.9799957
950,43,Diamondback Grind BMX Bike 2014,199.9900055
951,43,Diamondback Women's Vital 2 Hybrid Bike 2014,299.980011
952,43,Yakima DoubleDown Ace Hitch Mount 4-Bike Rack,189
953,43,Diamondback Adult Trace Hybrid Bike 2014,449.9899902
954,43,Nishiki Women's Tamarack Comfort Bike 2014,299.9899902
955,43,Diamondback Women's Clarity Hybrid Bike 2013,399.9899902
956,43,Diamondback Adult Wildwood Classic Comfort Bi,299.980011
957,43,Diamondback Women's Serene Classic Comfort Bi,299.980011
958,43,Nishiki Adult Montour Hybrid Bike 2014,299.9899902
959,43,Diamondback Adult Insight Hybrid Bike 2013,399.9899902
960,43,Saris Bones 2-Bike Rack,125.9899979
961,43,Diamondback Women's Clarity 1 Hybrid Bike 201,399.9899902
962,44,Quest Q64 10 FT. x 10 FT. Slant Leg Instant U,59.97999954
963,44,MAC Sports Collapsible Wagon,69.98999786
964,44,Coleman River Gorge 6 Person Dome Tent,79.98000336
965,44,ENO DoubleNest Two Person Hammock,69.98999786
966,44,Quik Shade Summit SX170 10 FT. x 10 FT. Canop,199.9900055
967,44,Kijaro Dual Lock Chair,29.98999977
968,44,Quest 12' x 12' Dome Canopy,149.9900055
969,44,Coleman River Gorge 8 Person Tent,139.9799957
970,44,Quest Q100 10' X 10' Dome Canopy,99.98000336
971,44,SKLZ Sport-Brella XL,69.98999786
972,44,E-Z Up Vista 12' x 12' Recreational Instant S,134.9900055
973,44,Kijaro XXL Dual Lock Oversized Chair,39.99000168
974,44,The North Face Women's Stinson Rain Jacket,90
975,44,Eureka! Tetragon 5 Five Person Tent,129.9900055
976,44,Columbia Women's Sandy River Shorts,21.98999977
977,44,ENO Atlas Hammock Straps,29.98999977
978,44,YETI Tundra 65 Chest Cooler,399.9899902
979,44,Quest 12' x 12' Screen House,69.98999786
980,44,Quest Oversized Arm Chair,21.98999977
981,44,The North Face Women's Recon Backpack,99
982,44,insta-bed Neverflat Air Mattress,149.9900055
983,44,YETI Roadie 20 Chest Cooler,249.9900055
984,44,Quest Eagle Peak 6 Person Tent,79.98999786
985,44,Coleman RoadTrip LXE Grill,189.9900055
986,45,Under Armour Men's Highlight MC Football Clea,129.9900055
987,45,GoPro HERO3+ Black Edition Camera,399.9899902
988,45,Under Armour Men's Ignite Camo II Slide,34.99000168
989,45,Under Armour Men's Highlight MC Football Clea,129.9900055
990,45,Under Armour WWP Freedom Flag T-Shirt,27.98999977
991,45,Bushnell 2014 Tour V3 Patriot Pack Laser Rang,299.9899902
992,45,Under Armour Men's Highlight MC Football Clea,129.9900055
993,45,Under Armour Men's Highlight MC Football Clea,129.9900055
994,45,Primos Truth Cam Supercharged Blackout 7 MP G,99.98999786
995,45,Bushnell 2014 Tour V3 Slope Patriot Pack Lase,399.9899902
996,45,Bushnell Golf Tour v3 Patriot Pack Laser Rang,299.9899902
997,45,Under Armour Men's Highlight MC Football Clea,129.9900055
998,45,Bushnell NEO-X Golf GPS Watch,179.9900055
999,45,"Timberland PRO Men's Pit Boss 6"" Steel Toe Wo",99.98999786
1000,45,Nikon Monarch 5 10x42 Binoculars,329.9899902
1001,45,GoPro HERO3+ Silver Edition Camera,299.9899902
1002,45,Under Armour Women's Ignite VI Camo Slide,34.99000168
1003,45,Nike Men's Free TR 5.0 (LSA Pack) Training Sh,109.9899979
1004,45,Field & Stream Sportsman 16 Gun Fire Safe,399.980011
1005,45,Diamond Infinite Edge RTH Compound Bow Packag,349.9899902
1006,45,O'Brien Neoprene Pet Life Vest,39.99000168
1007,45,Realtree Outfitters Men's Cobra Realtree Xtra,49.99000168
1008,45,Cuddeback Ambush IR Scouting Camera,119.9899979
1009,45,Diamond Fear No Evil Compound Bow Package,599.9899902
1010,46,DBX Vector Series Men's Nylon Life Vest,19.97999954
1011,46,Old Town Canoe Saranac 146 Canoe,499.9899902
1012,46,Pelican Trailblazer 100 Angler Fishing Kayak,299.9899902
1013,46,Perception Sport Swifty Deluxe 9.5 Kayak,349.9899902
1014,46,O'Brien Men's Neoprene Life Vest,49.97999954
1015,46,GoPro HERO3+ Black Edition Camera,399.9899902
1016,46,Field & Stream 12' Eagle Run Kayak,549.9899902
1017,46,DBX Vector Series Women's Nylon Life Vest,19.97999954
1018,46,Coleman Scanoe Canoe,399.9899902
1019,46,O'Brien Youth Neoprene Life Vest,44.97999954
1020,46,Field & Stream Eagle Talon Kayak,549.9899902
1021,46,Old Town Trip 10 Angler Deluxe Kayak,499.9899902
1022,46,O'Brien Women's Neoprene Life Vest,49.97999954
1023,46,Quest Pioneer Adjustable Aluminum Kayak Paddl,29.98999977
1024,46,Columbia Women's Sandy River Shorts,21.98999977
1025,46,Future Beach Trophy 126 Kayak,369.9899902
1026,46,Quantum Smoke PT Spinning Reels,119.9899979
1027,46,DBX Vector Series Youth Nylon Life Vest,34.99000168
1028,46,YETI Tundra 65 Chest Cooler,399.9899902
1029,46,DBX 4 Buckle Nylon Life Vest,39.99000168
1030,46,Perception Sport Striker 11.5 Angler Kayak,499.9899902
1031,46,YETI Roadie 20 Chest Cooler,249.9900055
1032,46,Sun Dolphin Sun Slider 5-Seated Pedal Boat wi,499.9899902
1033,46,YETI Tundra 45 Chest Cooler,349.9899902
1034,47,Nike+ Fuelband SE,99
1035,47,"Goaliath 54"" In-Ground Basketball Hoop with P",499.9899902
1036,47,Fitbit Flex Wireless Activity & Sleep Wristba,99.94999695
1037,47,"Nike Women's Pro Core 3"" Compression Shorts",28
1038,47,Kan Jam Disc Game,39.99000168
1039,47,Nike Women's Pro Victory Compression Bra,21.98999977
1040,47,Stiga Master Series ST3100 Competition Indoor,329.9899902
1041,47,Nike Women's Pro Hyperwarm Fitted Tights,24.96999931
1042,47,Under Armour Hustle Backpack,54.99000168
1043,47,Nike Women's Legend V-Neck T-Shirt,25
1044,47,Nike Hoops Elite Team Backpack,70
1045,47,Teeter Hang Ups NXT-S Inversion Table,299.9899902
1046,47,Quest 15 FT Trampoline Enclosure Combo,499.9899902
1047,47,Under Armour Men's Ignite Camo II Slide,34.99000168
1048,47,"Spalding Beast 60"" Glass Portable Basketball ",1099.98999
1049,47,Under Armour Boys' Match Play Golf Polo,29.98999977
1050,47,McDavid HEX Extended Leg Sleeves,29.98999977
1051,47,Garmin Forerunner 220 GPS Watch,249.9900055
1052,47,"Lifetime Elite 52"" Portable Basketball Hoop",399.9899902
1053,47,Garmin Women's Forerunner 10 GPS Watch,129.9900055
1054,47,"Spalding NBA 54"" Glass Portable Basketball Ho",699.9899902
1055,47,Nike Women's Pro Hyperwarm Half Zip Long Slee,31.96999931
1056,47,Garmin vivofit Fitness Band with HRM,169.9900055
1057,47,Nike Men's Fly Shorts 2.0,34
1058,48,Lifetime Freestyle XL Stand-Up Paddle Board,399.9899902
1059,48,Pelican Maverick 100X Kayak,349.9899902
1060,48,DBX Vector Series Men's Nylon Life Vest,19.97999954
1061,48,Old Town Canoe Saranac 146 Canoe,499.9899902
1062,48,Pelican Vortex 80DLX Kayak,199.9900055
1063,48,Pelican Trailblazer 100 Angler Fishing Kayak,299.9899902
1064,48,Pelican Trailblazer 100 Kayak,229.9900055
1065,48,Perception Sport Swifty Deluxe 9.5 Kayak,349.9899902
1066,48,O'Brien Men's Neoprene Life Vest,49.97999954
1067,48,Field & Stream 12' Eagle Run Kayak,549.9899902
1068,48,DBX Vector Series Women's Nylon Life Vest,19.97999954
1069,48,"Tiga 11'4"" Stand-Up Paddle Board",799.9899902
1070,48,Coleman Scanoe Canoe,399.9899902
1071,48,Pelican Apex 100 Kayak,229.9900055
1072,48,O'Brien Youth Neoprene Life Vest,44.97999954
1073,48,Pelican Sunstream 100 Kayak,199.9900055
1074,48,Field & Stream Eagle Talon Kayak,549.9899902
1075,48,Old Town Trip 10 Angler Deluxe Kayak,499.9899902
1076,48,Future Beach Spirit 120 Kayak,269.9899902
1077,48,O'Brien Women's Neoprene Life Vest,49.97999954
1078,48,Quest Pioneer Adjustable Aluminum Kayak Paddl,29.98999977
1079,48,Future Beach Trophy 126 Kayak,369.9899902
1080,48,DBX Vector Series Youth Nylon Life Vest,34.99000168
1081,48,Snap OnTop Solo Kayak,399.9899902
1082,49,Quest Q64 10 FT. x 10 FT. Slant Leg Instant U,59.97999954
1083,49,Brooks Women's Adrenaline GTS 13 Running Shoe,89.98999786
1084,49,Lifetime Freestyle XL Stand-Up Paddle Board,399.9899902
1085,49,Pelican Maverick 100X Kayak,349.9899902
1086,49,Nike Men's Free 5.0+ Running Shoe,99.98999786
1087,49,DBX Vector Series Men's Nylon Life Vest,19.97999954
1088,49,Pelican Trailblazer 100 Angler Fishing Kayak,299.9899902
1089,49,Nike Women's Free 4.0 Running Shoe,89.98999786
1090,49,Under Armour Women's Micro G Skulpt Running S,54.97000122
1091,49,Pelican Trailblazer 100 Kayak,229.9900055
1092,49,Nike Men's Free 5.0 Running Shoe,99.98999786
1093,49,Perception Sport Swifty Deluxe 9.5 Kayak,349.9899902
1094,49,Brooks Women's Ghost 6 Running Shoe,89.98999786
1095,49,Quik Shade Summit SX170 10 FT. x 10 FT. Canop,199.9900055
1096,49,Nike Women's Free 5.0+ Running Shoe,99.98999786
1097,49,Brooks Men's Adrenaline GTS 13 Running Shoe,89.98999786
1098,49,Brooks Women's Ghost 6 Running Shoe,89.98999786
1099,49,Kijaro Dual Lock Chair,29.98999977
1100,49,ASICS Women's GEL-Noosa Tri 9 Running Shoe,139.9900055
1101,49,Nike Men's Air Max 2014 Running Shoe,149.9900055
1102,49,O'Brien Men's Neoprene Life Vest,49.97999954
1103,49,Quest 12' x 12' Dome Canopy,149.9900055
1104,49,GoPro HERO3+ Black Edition Camera,399.9899902
1105,49,ASICS Women's GEL-Nimbus 15 Running Shoe,119.9899979
1106,50,Majestic Youth 2014 All-Star Game Andrew McCu,60
1107,50,Majestic Youth 2014 All-Star Game Yadier Moli,60
1108,50,Majestic Youth 2014 All-Star Game Troy Tulowi,60
1109,50,Majestic Youth 2014 All-Star Game Yasiel Puig,60
1110,50,Majestic Youth 2014 All-Star Game Freddie Fre,60
1111,50,Majestic Youth 2014 All-Star Game Mike Trout,60
1112,50,Majestic Youth 2014 All-Star Game Miguel Cabr,60
1113,50,Majestic Youth 2014 All-Star Game Masahiro Ta,60
1114,50,Majestic Youth 2014 All-Star Game Derek Jeter,60
1115,50,Majestic Youth 2014 All-Star Game Jose Abreu,60
1116,50,Majestic Men's 2014 All-Star Game Troy Tulowi,130
1117,50,Majestic Men's 2014 All-Star Game Yasiel Puig,130
1118,50,Majestic Men's 2014 All-Star Game Andrew McCu,130
1119,50,Majestic Men's 2014 All-Star Game Yadier Moli,130
1120,50,Majestic Men's 2014 All-Star Game Freddie Fre,130
1121,50,Majestic Men's 2014 All-Star Game Mike Trout,130
1122,50,Majestic Men's 2014 All-Star Game Masahiro Ta,130
1123,50,Majestic Men's 2014 All-Star Game Derek Jeter,130
1124,50,Majestic Men's 2014 All-Star Game Miguel Cabr,130
1125,50,Majestic Men's 2014 All-Star Game Jose Abreu,130
1126,50,Nike Men's New York Yankees Derek Jeter 2014,34
1127,50,Nike Men's Pittsburgh Pirates Andrew McCutche,34
1128,50,Nike Men's Los Angeles Angels Mike Trout 2014,34
1129,50,Stitches Men's Pittsburgh Pirates Black Poly,50
1130,51,Nike Men's Cleveland Browns 'Money Manziel' T,30
1131,51,Nike Men's Home Game Jersey Cleveland Browns,100
1132,51,Nike Men's Cleveland Browns Johnny Manziel 'M,30
1133,51,Nike Johnny Football Camo Graphic T-Shirt,30
1134,51,Nike Youth Home Game Jersey Cleveland Browns,70
1135,51,Nike Johnny Football Camo Jersey T-Shirt,30
1136,51,Wild Sports Pittsburgh Steelers XL Tailgate B,219.9900055
1137,51,Nike Men's Cleveland Browns Johnny Manziel #2,32
1138,51,Wild Sports Green Bay Packers XL Tailgate Bea,219.9900055
1139,51,Wild Sports Chicago Bears XL Tailgate Bean Ba,219.9900055
1140,51,Wild Sports Minnesota Vikings XL Tailgate Bea,219.9900055
1141,51,Nike Men's Cleveland Browns Johnny Football O,28
1142,51,Nike Men's Home Game Jersey Denver Broncos Pe,100
1143,51,Nike Men's Chicago Bears Navy Reversible Defe,79.97000122
1144,51,Wilson NFL Autograph Official Football,44.99000168
1145,51,Nike Men's Home Game Jersey Buffalo Bills Sam,100
1146,51,Nike Men's Home Game Jersey Philadelphia Eagl,100
1147,51,Nike Men's Home Game Jersey San Francisco 49e,100
1148,51,Team Golf Pittsburgh Steelers Fairway Stand B,179.9900055
1149,51,Wild Sports Washington Redskins XL Tailgate B,219.9900055
1150,51,Wild Sports Dallas Cowboys XL Tailgate Bean B,219.9900055
1151,51,Nike Men's Chicago Bears Coaches Sideline 201,34.97000122
1152,51,Nike Men's Home Game Jersey Pittsburgh Steele,100
1153,51,Nike Men's Home Game Jersey New Orleans Saint,100
1154,52,Reebok Men's Chicago Blackhawks Patrick Kane,170
1155,52,$10 Gift Card,10
1156,52,Reebok Men's Boston Bruins Patrice Bergeron #,170
1157,52,Reebok Men's Chicago Blackhawks Jonathan Toew,170
1158,52,Reebok Men's Chicago Blackhawks Jonathan Toew,170
1159,52,Reebok Youth Chicago Blackhawks Patrick Kane,65
1160,52,Reebok Women's Chicago Blackhawks Patrick Kan,130
1161,52,Reebok Men's Detroit Red Wings 2014 NHL Cente,26
1162,52,Reebok Men's Minnesota Wild 2014 NHL Center I,26
1163,52,Reebok Men's Dallas Stars 2014 NHL Center Ice,26
1164,52,Reebok Men's Buffalo Sabres 2014 NHL Center I,26
1165,52,Reebok Men's Nashville Predators 2014 NHL Cen,26
1166,52,Reebok Men's Pittsburgh Penguins 2014 NHL Cen,26
1167,52,Reebok Men's Florida Panthers 2014 NHL Center,26
1168,52,Reebok Men's Toronto Maple Leafs 2014 NHL Cen,26
1169,52,Reebok Men's Los Angeles Kings 2014 NHL Cente,26
1170,52,Reebok Men's Carolina Hurricanes 2014 NHL Cen,26
1171,52,Reebok Men's Philadelphia Flyers 2014 NHL Cen,26
1172,52,Reebok Men's Washington Capitals 2014 NHL Cen,26
1173,52,Reebok Men's Vancouver Canucks 2014 NHL Cente,26
1174,52,Reebok Men's Montreal Canadiens 2014 NHL Cent,26
1175,52,Reebok Men's Boston Bruins 2014 NHL Center Ic,26
1176,52,Reebok Men's Colorado Avalanche  2014 NHL Cen,26
1177,52,Antigua Women's 2014 NHL Stanley Cup Champion,54.99000168
1178,53,Nike Kids' Grade School KD VI Basketball Shoe,99.98999786
1179,53,Nike Men's KD VI Basketball Shoe,129.9900055
1180,53,Nike Kids' Grade School LeBron XI Basketball,139.9900055
1181,53,Nike Kids' Grade School KD VI Basketball Shoe,99.98999786
1182,53,Nike Men's LeBron XI Basketball Shoe,199.9900055
1183,53,Nike Men's LeBron XI Low Basketball Shoe,169.9900055
1184,53,Nike Kids' Grade School KD VI Basketball Shoe,99.98999786
1185,53,Nike Men's KD VII Basketball Shoe,149.9900055
1186,53,Nike Men's KD VI Basketball Shoe,129.9900055
1187,53,Nike Men's LeBron XI Basketball Shoe,179.9900055
1188,53,Nike Kids' Grade School LeBron XI Basketball,139.9900055
1189,53,Nike Kids' Grade School Zoom Soldier VII Bask,94.98999786
1190,53,Nike Men's Zoom Kobe Venomenon 4 Basketball S,119.9899979
1191,53,Nike Kids' Grade School KD VI Basketball Shoe,89.98999786
1192,53,Nike Men's Kobe IX Elite Low Basketball Shoe,199.9900055
1193,53,Nike Men's LeBron XI Basketball Shoe,199.9900055
1194,53,Nike Kids' Grade School KD VI Basketball Shoe,89.98999786
1195,53,Nike Men's Kobe IX Basketball Shoe,159.9900055
1196,53,Nike Men's Air LeBron 3 Elite Slide,69.98999786
1197,53,Nike Men's KD VI Basketball Shoe,129.9900055
1198,53,Nike Kids' Grade School Zoom Soldier VII Bask,84.98999786
1199,53,Nike Men's KD VI Elite Basketball Shoe,199.9900055
1200,53,Nike Kids' Grade School LeBron XI Basketball,139.9900055
1201,53,Nike Kids' Grade School Kobe IX Elite Basketb,124.9899979
1202,54,Schutt Youth Recruit Hybrid Custom Football H,99.98999786
1203,54,Nike Adult Pro Combat Hyperstrong Girdle,63.99000168
1204,54,Nike Adult Pro Combat Hyperstrong 3/4 Girdle,87.98999786
1205,54,Schutt Youth Vengeance DCT Hybrid Custom Foot,129.9900055
1206,54,Schutt Adult Integrated Football Pants,39.99000168
1207,54,Nike Youth Pro Combat Hyperstrong 4 Pad Footb,51.99000168
1208,54,Schutt Youth Vengeance DCT Hybrid+ Custom Foo,149.9900055
1209,54,Nike Youth Pro Combat Hyperstrong Girdle,55.99000168
1210,54,Schutt Youth AiR XP Pro Custom Football Helme,199.9900055
1211,54,Schutt Youth XP Hybrid Custom Football Helmet,99.98999786
1212,54,Nike Men's Pro Combat Hyperstrong 4 Pad Footb,63.99000168
1213,54,Riddell Youth Power Rib Shirt,54.99000168
1214,54,Schutt Youth Vengeance DCT Custom Football He,299.9899902
1215,54,Riddell Adult Power 7-Pad Girdle,79.98999786
1216,54,Schutt Youth Vengeance DCT Custom Football He,299.9899902
1217,54,Nike Youth Pro Combat Hyperstrong 4 Pad Footb,51.99000168
1218,54,Schutt Youth Integrated Football Pants,34.99000168
1219,54,Riddell Adult Power Girdle,49.99000168
1220,54,Riddell Youth Power Girdle,44.99000168
1221,54,Cutters Adult C-TACK Revolution Receiver Glov,34.99000168
1222,54,Under Armour Adult Gameday Armour 5 Pad Girdl,55.99000168
1223,54,Schutt Varsity Super-Pro STG Specialty Facema,69.98999786
1224,54,Schutt XV Flex Skill Shield Football Shoulder,179.9900055
1225,54,Nike Adult Pro Combat Hyperstrong Girdle,63.99000168
1226,55,adidas Men's New York Red Bulls Navy 2014 Sec,85
1227,55,adidas Men's Sporting KC Navy 2014 Secondary,85
1228,55,adidas Men's 2014 All-Star Game Tactile Hunte,20
1229,55,adidas Men's 2014 MLS All-Star Game Dueling T,24
1230,55,adidas Men's 2014 MLS All-Star Game Cross Bla,20
1231,55,adidas Original Men's 2014 MLS All-Star Game,28
1232,55,adidas Men's 2014 MLS All-Star Game Rose City,28
1233,55,adidas Men's 2014 MLS All-Star Game Crest Gre,28
1234,55,adidas Women's 2014 MLS All-Star Game Dueling,28
1235,55,adidas Men's 2014 MLS All-Star Game Replica B,85
1236,55,adidas Men's 2014 MLS All-Star Game Lumber Hu,22
1237,55,adidas Men's 2014 MLS All-Star Game Axis Hunt,22
1238,55,adidas Men's 2014 MLS All-Star Game Structure,20
1239,55,adidas Men's 2014 MLS All-Star Game Camo Snap,26
1240,55,adidas Men's 2014 MLS All-Star Game Slouch Wh,18
1241,55,adidas Women's New York City FC Smoke Grey Wo,28
1242,55,adidas Men's New York City FC Big Time Navy T,32
1243,55,adidas Men's New York City FC Bleed Through W,25
1244,55,adidas Men's New York City FC Team Logo Navy,72
1245,55,adidas New England Revolution Tropheo Soccer,20
1246,55,Toronto FC Team Color Soccer Bracelet,9.989999771
1247,55,Sporting KC Team Color Soccer Bracelet,9.989999771
1248,55,San Jose Earthquakes Team Color Soccer Bracel,9.989999771
1249,55,Real Salt Lake Team Color Soccer Bracelet,9.989999771
1250,56,Nike Men's USA White Home Stadium Soccer Jers,90
1251,56,Nike Youth USA Away Stadium Replica Soccer Je,75
1252,56,adidas Brazuca 2014 Top Glider Soccer Ball,29.98999977
1253,56,Nike Men's USA Away Stadium Replica Soccer Je,90
1254,56,adidas Men's Germany Home Soccer Jersey,90
1255,56,adidas Brazuca 2014 Top Repliqu‚ Soccer Ball,39.99000168
1256,56,adidas Brazuca 2014 Official Match Ball,159.9900055
1257,56,adidas Men's Germany Black/Red Away Match Soc,90
1258,56,adidas Men's Mexico Home Soccer Jersey,90
1259,56,adidas Brazuca Final Rio Official Match Ball,159.9900055
1260,56,Nike Men's USA Soccer Navy Authentic Polo,70
1261,56,adidas Brazuca Final Rio Top Glider Soccer Ba,29.98999977
1262,56,adidas Brazuca 2014 Mini Soccer Ball,9.989999771
1263,56,adidas Men's Germany Away Replica Black Top,50
1264,56,adidas Men's Argentina Home Soccer Jersey,90
1265,56,Nike USA 2014 World Cup Red/White/Blue Scarf,30
1266,56,Nike Men's USA Soccer Grey Training Top,55
1267,56,adidas Men's Mexico Red Away Soccer Jersey,90
1268,56,adidas Youth Germany Home Soccer Jersey,70
1269,56,Nike Men's Netherlands Orange Home Stadium So,90
1270,56,adidas Men's Germany Black Crest Away Tee,25
1271,56,Nike Men's USA Soccer Red Authentic Polo,70
1272,56,Nike Men's USA Red Core Type T-Shirt,28
1273,56,Nike Men's Netherlands Orange Core Crest T-Sh,28
1274,57,Nike Men's USA White Home Stadium Soccer Jers,90
1275,57,Nike Youth USA Away Stadium Replica Soccer Je,75
1276,57,adidas Brazuca 2014 Top Glider Soccer Ball,29.98999977
1277,57,Nike Men's USA Away Stadium Replica Soccer Je,90
1278,57,adidas Men's Germany Home Soccer Jersey,90
1279,57,PUMA Men's evoPOWER 1 Tricks FG Soccer Cleat,189.9900055
1280,57,adidas Brazuca 2014 Top Repliqu‚ Soccer Ball,39.99000168
1281,57,adidas Brazuca 2014 Official Match Ball,159.9900055
1282,57,adidas Men's Germany Black/Red Away Match Soc,90
1283,57,adidas Kids' F5 Messi FG Soccer Cleat,34.99000168
1284,57,Nike Men's Hypervenom Phantom Premium FG Socc,0
1285,57,adidas Men's Mexico Home Soccer Jersey,90
1286,57,adidas Kids' F10 Messi TRX FG Soccer Cleat,44.99000168
1287,57,adidas Men's F10 Messi TRX FG Soccer Cleat,59.99000168
1288,57,adidas Men's F10 Messi FG Soccer Cleat,59.99000168
1289,57,adidas Brazuca Final Rio Official Match Ball,159.9900055
1290,57,adidas Men's F30 Messi FG Soccer Cleat,99.98999786
1291,57,Nike Men's USA Soccer Navy Authentic Polo,70
1292,57,Nike Men's Mercurial Victory IV FG Soccer Cle,59.97000122
1293,57,adidas Men's Predator Absolion  Instinct FG S,109.9899979
1294,57,adidas Men's Copa Mundial Soccer Cleat,134.9900055
1295,57,adidas Brazuca Final Rio Top Glider Soccer Ba,29.98999977
1296,57,adidas Brazuca 2014 Mini Soccer Ball,9.989999771
1297,57,PUMA Men's evoSPEED 1.2 Tricks FG Soccer Clea,174.9900055
1298,58,Majestic Youth Replica New York Yankees Derek,60
1299,58,Majestic Men's Authentic New York Yankees Der,194
1300,58,Majestic Men's Replica New York Yankees Derek,100
1301,58,Majestic Youth Replica New York Yankees Derek,50
1302,58,Majestic Men's 2014 All-Star Game Derek Jeter,130
1303,58,Majestic Women's New York Yankees Derek Jeter,28
1304,58,Majestic Men's Replica Pittsburgh Pirates And,100
1305,58,Nike Men's New York Yankees Derek Jeter Pinst,30
1306,58,Majestic Youth Replica Pittsburgh Pirates And,50
1307,58,Majestic Youth Replica Boston Red Sox David O,50
1308,58,Majestic Youth 2014 All-Star Game Derek Jeter,60
1309,58,Majestic Triple Peak Men's New York Yankees D,28
1310,58,Majestic Men's New York Yankees Derek Jeter #,115
1311,58,Majestic Youth Replica Los Angeles Dodgers Ya,50
1312,58,Majestic Youth Los Angeles Angels Mike Trout,22
1313,58,Majestic Youth Replica New York Yankees Jacob,50
1314,58,Majestic Men's Replica Los Angeles Dodgers Cl,100
1315,58,Majestic Men's Replica Los Angeles Angels Mik,100
1316,58,Majestic Men's Replica St. Louis Cardinals Oz,100
1317,58,Majestic Youth 2014 All-Star Game Mike Trout,60
1318,58,Nike Men's New York Yankees Derek Jeter Retir,30
1319,58,Majestic Men's Authentic Los Angeles Dodgers,241
1320,58,Majestic Men's Replica Cincinnati Reds Todd F,100
1321,58,Majestic Men's Replica Los Angeles Dodgers Ya,100
1322,59,Nike Men's Cleveland Browns 'Money Manziel' T,30
1323,59,Nike Men's Home Game Jersey Cleveland Browns,100
1324,59,Nike Men's Cleveland Browns Johnny Manziel 'M,30
1325,59,Nike Johnny Football Camo Graphic T-Shirt,30
1326,59,Nike Youth Home Game Jersey Cleveland Browns,70
1327,59,Nike Johnny Football Camo Jersey T-Shirt,30
1328,59,Nike Men's Cleveland Browns Johnny Manziel #2,32
1329,59,Nike Men's Cleveland Browns Johnny Football O,28
1330,59,Nike Men's Home Game Jersey Denver Broncos Pe,100
1331,59,Nike Men's Home Game Jersey Buffalo Bills Sam,100
1332,59,Nike Men's Home Game Jersey San Francisco 49e,100
1333,59,Nike Men's Home Game Jersey Pittsburgh Steele,100
1334,59,Nike Men's Home Game Jersey New Orleans Saint,100
1335,59,Nike Men's Andrew Luck Jersey - Home Game Ind,100
1336,59,Nike Men's Home Game Jersey New York Giants O,100
1337,59,Nike Men's Home Game Jersey Carolina Panthers,100
1338,59,Nike Men's Home Game Jersey Chicago Bears Jar,100
1339,59,Nike Men's Home Game Jersey New York Giants E,100
1340,59,Majestic Men's Replica Texas Rangers Russell,69.97000122
1341,59,Nike Women's Cleveland Browns Johnny Football,34
1342,59,Nike Men's St. Louis Rams Michael Sam #96 Nam,32
1343,59,Nike Men's Home Game Jersey St. Louis Rams Mi,100
1344,59,Nike Men's Home Game Jersey St. Louis Rams Aa,100
1345,59,Nike Men's Home Game Jersey St. Louis Rams Gr,100
